Caption,KLD Human to LLM,KLD LLM to Human,Jensen-Shannon Divergence,Human Probs,LLM Probs
a person drives around a futuristic looking vehicle while a man approaches her and a crowd watches .,0.0,0.0,0.0,"[4, 0, 0, 0, 0, 0, 0, 0, 0, 0, 0, 0, 0, 0, 0, 0]","[4, 0, 0, 0, 0, 0, 0, 0, 0, 0, 0, 0, 0, 0, 0, 0]"
a brown dog running on a lawn near a garden hose,45.240771641362,24.242246249659782,0.5220295850923977,"[0, 0, 0, 0, 1, 1, 0, 0, 2, 0, 0, 0, 0, 0, 0, 0]","[0, 0, 0, 0, 0, 0, 0, 0, 3, 0, 0, 0, 0, 0, 1, 0]"
a child in a dress runs through the yard with a miniature orange soccer ball in her hand .,23.025850927637872,23.025850927637872,0.416277304810568,"[0, 1, 0, 0, 0, 1, 0, 0, 2, 0, 0, 0, 0, 0, 0, 0]","[0, 1, 0, 0, 0, 0, 0, 0, 2, 0, 0, 0, 0, 0, 1, 0]"
a woman sleeps under a blue and white blanket in a car .,1.1507282875045386,22.162804712585114,0.30919668274456596,"[0, 0, 0, 0, 0, 0, 0, 0, 0, 0, 0, 0, 0, 4, 0, 0]","[1, 0, 0, 0, 0, 0, 0, 0, 0, 0, 0, 0, 0, 3, 0, 0]"
a man is kneeling down with a child on a beach where bright blue and red boats are stationed in the background .,2.772588719867881,46.051701859880914,0.4645014036140257,"[0, 0, 0, 4, 0, 0, 0, 0, 0, 0, 0, 0, 0, 0, 0, 0]","[0, 2, 0, 2, 0, 0, 0, 0, 0, 0, 0, 0, 0, 0, 0, 0]"
men playing volleyball in the sand .,97.64858115952636,95.39924058332495,0.8325546104626661,"[0, 0, 0, 4, 0, 0, 0, 0, 0, 0, 0, 0, 0, 0, 0, 0]","[0, 3, 0, 0, 0, 0, 0, 0, 0, 0, 0, 0, 0, 0, 1, 0]"
a little boy playing in the water .,0.0,0.0,0.0,"[0, 0, 0, 4, 0, 0, 0, 0, 0, 0, 0, 0, 0, 0, 0, 0]","[0, 0, 0, 4, 0, 0, 0, 0, 0, 0, 0, 0, 0, 0, 0, 0]"
a blond dog and a black and white dog run in a dirt field .,0.0,0.0,0.0,"[0, 0, 0, 0, 4, 0, 0, 0, 0, 0, 0, 0, 0, 0, 0, 0]","[0, 0, 0, 0, 4, 0, 0, 0, 0, 0, 0, 0, 0, 0, 0, 0]"
a person dressed in a tan jacket jumps a quad over a harvested cornfield in front of a small out building .,95.39924058105113,95.39924058105113,0.8325546102948703,"[1, 0, 0, 0, 0, 0, 0, 0, 0, 0, 3, 0, 0, 0, 0, 0]","[0, 1, 0, 0, 3, 0, 0, 0, 0, 0, 0, 0, 0, 0, 0, 0]"
girl wearing blue shirt and black shorts plays trumped outside .,44.66540749876103,2.772588717634611,0.4645014033113394,"[0, 2, 0, 0, 0, 0, 0, 1, 0, 0, 0, 0, 0, 0, 1, 0]","[0, 4, 0, 0, 0, 0, 0, 0, 0, 0, 0, 0, 0, 0, 0, 0]"
kids play around a statue bust outside .,22.162804712585114,1.1507282875045386,0.30919668274456596,"[1, 3, 0, 0, 0, 0, 0, 0, 0, 0, 0, 0, 0, 0, 0, 0]","[0, 4, 0, 0, 0, 0, 0, 0, 0, 0, 0, 0, 0, 0, 0, 0]"
a woman is drinking a beverage in a busy cafe .,0.0,0.0,0.0,"[0, 0, 0, 0, 0, 0, 0, 0, 0, 0, 0, 0, 4, 0, 0, 0]","[0, 0, 0, 0, 0, 0, 0, 0, 0, 0, 0, 0, 4, 0, 0, 0]"
"three children are playing outdoors , two of them on a metal barrel swing .",22.162804712585114,1.1507282875045386,0.30919668274456596,"[0, 3, 0, 0, 0, 0, 0, 1, 0, 0, 0, 0, 0, 0, 0, 0]","[0, 4, 0, 0, 0, 0, 0, 0, 0, 0, 0, 0, 0, 0, 0, 0]"
two children swing in dusty rooftop from a swing made from a steel drum .,95.39924058332495,97.64858115952636,0.8325546104626661,"[0, 0, 1, 0, 0, 0, 0, 0, 3, 0, 0, 0, 0, 0, 0, 0]","[0, 4, 0, 0, 0, 0, 0, 0, 0, 0, 0, 0, 0, 0, 0, 0]"
"person leaning against the wall , next to a life size cartoon cut out .",69.07755278740893,72.37338964891795,0.721013442364729,"[1, 0, 0, 0, 0, 1, 0, 1, 0, 0, 0, 1, 0, 0, 0, 0]","[0, 0, 3, 0, 0, 0, 0, 0, 0, 0, 0, 1, 0, 0, 0, 0]"
two swimmers race in a pool with a red line between them .,0.0,0.0,0.0,"[0, 0, 4, 0, 0, 0, 0, 0, 0, 0, 0, 0, 0, 0, 0, 0]","[0, 0, 4, 0, 0, 0, 0, 0, 0, 0, 0, 0, 0, 0, 0, 0]"
an older couple passes by a young lady on the sidewalk .,1.1507282875045386,22.162804712585114,0.30919668274456596,"[4, 0, 0, 0, 0, 0, 0, 0, 0, 0, 0, 0, 0, 0, 0, 0]","[3, 0, 0, 0, 0, 0, 0, 1, 0, 0, 0, 0, 0, 0, 0, 0]"
three children are practicing martial arts in a gym .,0.0,0.0,0.0,"[0, 0, 4, 0, 0, 0, 0, 0, 0, 0, 0, 0, 0, 0, 0, 0]","[0, 0, 4, 0, 0, 0, 0, 0, 0, 0, 0, 0, 0, 0, 0, 0]"
a lady with short hair wearing a black jacket leaned against a lamp post outside a building .,5.545177442067116,70.98709529470581,0.616762243821858,"[4, 0, 0, 0, 0, 0, 0, 0, 0, 0, 0, 0, 0, 0, 0, 0]","[1, 0, 0, 0, 0, 0, 0, 3, 0, 0, 0, 0, 0, 0, 0, 0]"
a man perched on a row of aquariums is using a net to scoop a fish from another aquarium .,22.332703749380514,1.3862943588173056,0.3284520921548526,"[0, 0, 2, 0, 0, 0, 1, 0, 0, 0, 0, 1, 0, 0, 0, 0]","[0, 0, 2, 0, 0, 0, 2, 0, 0, 0, 0, 0, 0, 0, 0, 0]"
a dark-haired man is speaking into a microphone while another man is sitting beside him .,67.69125842870147,5.545177437571807,0.6167622433659973,"[0, 0, 1, 0, 0, 0, 1, 0, 0, 0, 0, 1, 0, 0, 1, 0]","[0, 0, 0, 0, 0, 0, 4, 0, 0, 0, 0, 0, 0, 0, 0, 0]"
people pass each other on a busy city street while talking on their cellphones .,0.0,0.0,0.0,"[4, 0, 0, 0, 0, 0, 0, 0, 0, 0, 0, 0, 0, 0, 0, 0]","[4, 0, 0, 0, 0, 0, 0, 0, 0, 0, 0, 0, 0, 0, 0, 0]"
person with two ski poles skiing down a snowy hill .,1.1507282875045386,22.162804712585114,0.30919668274456596,"[0, 0, 0, 0, 0, 0, 0, 0, 0, 4, 0, 0, 0, 0, 0, 0]","[0, 1, 0, 0, 0, 0, 0, 0, 0, 3, 0, 0, 0, 0, 0, 0]"
"a man in a blue swimsuit and a red beanie kneels in the wet sand on the edge of a beach , making a sand castle that is as tall as he is when he is kneeling .",1.1507282875045386,22.162804712585114,0.30919668274456596,"[0, 0, 0, 4, 0, 0, 0, 0, 0, 0, 0, 0, 0, 0, 0, 0]","[0, 1, 0, 3, 0, 0, 0, 0, 0, 0, 0, 0, 0, 0, 0, 0]"
a black dog runs on green grass with its mouth open .,46.051701859880914,2.772588719867881,0.4645014036140257,"[0, 2, 0, 0, 2, 0, 0, 0, 0, 0, 0, 0, 0, 0, 0, 0]","[0, 0, 0, 0, 4, 0, 0, 0, 0, 0, 0, 0, 0, 0, 0, 0]"
decorated limo passing by elderly woman waiting on park bench in chinese street .,0.0,0.0,0.0,"[4, 0, 0, 0, 0, 0, 0, 0, 0, 0, 0, 0, 0, 0, 0, 0]","[4, 0, 0, 0, 0, 0, 0, 0, 0, 0, 0, 0, 0, 0, 0, 0]"
three people in various stages of swimming strokes race along colorful lane markers .,2.772588719867881,46.051701859880914,0.4645014036140257,"[0, 0, 4, 0, 0, 0, 0, 0, 0, 0, 0, 0, 0, 0, 0, 0]","[0, 2, 2, 0, 0, 0, 0, 0, 0, 0, 0, 0, 0, 0, 0, 0]"
one dog is jumping at the lady while the other walks away .,23.71899810819782,23.71899810819782,0.4645014033190811,"[1, 2, 0, 0, 0, 0, 0, 0, 0, 0, 0, 0, 0, 0, 1, 0]","[0, 1, 0, 0, 0, 0, 0, 0, 1, 0, 0, 0, 0, 0, 2, 0]"
a motorcyclist on a red speed bike leans into a sharp turn .,1.1507282875045386,22.162804712585114,0.30919668274456596,"[4, 0, 0, 0, 0, 0, 0, 0, 0, 0, 0, 0, 0, 0, 0, 0]","[3, 1, 0, 0, 0, 0, 0, 0, 0, 0, 0, 0, 0, 0, 0, 0]"
a man is sitting on the street playing drums on buckets .,97.64858116180018,97.64858116180018,0.832554610630462,"[4, 0, 0, 0, 0, 0, 0, 0, 0, 0, 0, 0, 0, 0, 0, 0]","[0, 4, 0, 0, 0, 0, 0, 0, 0, 0, 0, 0, 0, 0, 0, 0]"
a lively adult karate practice at the dojo .,0.0,0.0,0.0,"[0, 0, 4, 0, 0, 0, 0, 0, 0, 0, 0, 0, 0, 0, 0, 0]","[0, 0, 4, 0, 0, 0, 0, 0, 0, 0, 0, 0, 0, 0, 0, 0]"
a red dog jumps to catch a tennis ball in the dry tall grass .,2.7725887176346107,44.66540749876103,0.4645014033113393,"[0, 0, 0, 0, 4, 0, 0, 0, 0, 0, 0, 0, 0, 0, 0, 0]","[0, 1, 0, 0, 2, 0, 0, 0, 0, 0, 0, 0, 0, 0, 1, 0]"
the brown dog catches a ball in the air .,69.77069996577615,47.43799621632632,0.6741323060990277,"[0, 1, 0, 0, 0, 0, 0, 1, 2, 0, 0, 0, 0, 0, 0, 0]","[0, 2, 0, 0, 1, 0, 0, 0, 0, 0, 0, 0, 0, 0, 1, 0]"
the little girl swings in the backyard .,0.5232481437645479,0.5753641449035618,0.18390779090829046,"[0, 1, 0, 0, 0, 0, 0, 0, 3, 0, 0, 0, 0, 0, 0, 0]","[0, 2, 0, 0, 0, 0, 0, 0, 2, 0, 0, 0, 0, 0, 0, 0]"
"four young adults sit outside on a wooden deck near a building around a small round table , while another person stands on the edge of the deck , leaning on the wooden railing , with the sun shining on one of them and the rest of them are in the shade , two of them crossing their legs , one holding a cellphone out in front of himself and another holding a green and red soda can .",69.07755278982137,5.5451774398050775,0.61676224359247,"[1, 1, 0, 0, 0, 0, 0, 0, 2, 0, 0, 0, 0, 0, 0, 0]","[0, 4, 0, 0, 0, 0, 0, 0, 0, 0, 0, 0, 0, 0, 0, 0]"
a woman is having her foot examined by another woman in a run-down building .,2.197224577336219,2.197224577336219,0.3616794656810817,"[0, 0, 0, 0, 0, 0, 3, 0, 0, 0, 0, 1, 0, 0, 0, 0]","[0, 0, 0, 0, 0, 0, 1, 0, 0, 0, 0, 3, 0, 0, 0, 0]"
a woman is holding a baby while another child stands by her side .,67.69125842870149,5.545177437571807,0.6167622433659973,"[0, 0, 0, 0, 0, 1, 1, 0, 0, 0, 0, 1, 0, 0, 1, 0]","[0, 0, 0, 0, 0, 4, 0, 0, 0, 0, 0, 0, 0, 0, 0, 0]"
a gray dog is jumping toward a black and white dog in the snow .,45.35855467701838,24.41214528645518,0.530252365714773,"[0, 1, 0, 0, 0, 0, 0, 0, 1, 1, 0, 0, 0, 0, 1, 0]","[0, 1, 0, 0, 1, 0, 0, 0, 0, 0, 0, 0, 0, 0, 2, 0]"
a black and white dog runs beside a brown dog in a green field .,0.0,0.0,0.0,"[0, 0, 0, 0, 4, 0, 0, 0, 0, 0, 0, 0, 0, 0, 0, 0]","[0, 0, 0, 0, 4, 0, 0, 0, 0, 0, 0, 0, 0, 0, 0, 0]"
a dark-haired dark-skinned child sleeps in a chair while holding a blue zippered pack .,69.07755278982137,5.5451774398050775,0.61676224359247,"[0, 0, 0, 0, 0, 1, 2, 0, 0, 0, 0, 1, 0, 0, 0, 0]","[0, 0, 0, 0, 0, 4, 0, 0, 0, 0, 0, 0, 0, 0, 0, 0]"
a man in a black shirt sitting next to a older women in a pink jacket on a train .,22.162804712585114,1.1507282875045386,0.30919668274456596,"[1, 0, 0, 0, 0, 0, 0, 0, 0, 0, 0, 0, 0, 3, 0, 0]","[0, 0, 0, 0, 0, 0, 0, 0, 0, 0, 0, 0, 0, 4, 0, 0]"
a man grilling outside his house .,1.1507282875045386,22.162804712585114,0.30919668274456596,"[0, 0, 0, 0, 0, 0, 0, 0, 4, 0, 0, 0, 0, 0, 0, 0]","[0, 1, 0, 0, 0, 0, 0, 0, 3, 0, 0, 0, 0, 0, 0, 0]"
a person wearing a construction uniform is leaning against a traffic light pole on the sidewalk .,2.772588719867881,46.051701859880914,0.4645014036140257,"[4, 0, 0, 0, 0, 0, 0, 0, 0, 0, 0, 0, 0, 0, 0, 0]","[2, 0, 0, 0, 0, 0, 0, 0, 0, 0, 2, 0, 0, 0, 0, 0]"
a man is rowing a canoe on a lake .,0.0,0.0,0.0,"[0, 0, 0, 4, 0, 0, 0, 0, 0, 0, 0, 0, 0, 0, 0, 0]","[0, 0, 0, 4, 0, 0, 0, 0, 0, 0, 0, 0, 0, 0, 0, 0]"
a man in red shirt wearing sunglasses is leaning on the wall,45.240771641362,24.242246249659782,0.5220295850923977,"[0, 0, 0, 0, 0, 0, 0, 2, 0, 0, 1, 1, 0, 0, 0, 0]","[0, 1, 0, 0, 0, 0, 0, 3, 0, 0, 0, 0, 0, 0, 0, 0]"
a handicapped person with one leg skiing down a mountain with other mountains in the background .,1.1507282875045386,22.162804712585114,0.30919668274456596,"[0, 0, 0, 0, 0, 0, 0, 0, 0, 4, 0, 0, 0, 0, 0, 0]","[0, 1, 0, 0, 0, 0, 0, 0, 0, 3, 0, 0, 0, 0, 0, 0]"
a woman is selling vegetables on the street .,5.545177442067116,70.98709529470581,0.616762243821858,"[4, 0, 0, 0, 0, 0, 0, 0, 0, 0, 0, 0, 0, 0, 0, 0]","[1, 0, 0, 0, 0, 0, 0, 0, 0, 0, 3, 0, 0, 0, 0, 0]"
two people are jumping on the side of a road with snow in the background .,97.64858115952636,95.39924058332494,0.8325546104626661,"[4, 0, 0, 0, 0, 0, 0, 0, 0, 0, 0, 0, 0, 0, 0, 0]","[0, 1, 0, 0, 0, 0, 0, 0, 0, 0, 0, 0, 0, 0, 3, 0]"
street vendors are selling fruits and vegetables in a stand and in large baskets on the ground .,46.62706600248189,24.24224625189305,0.5220295853606364,"[2, 0, 0, 0, 0, 0, 0, 0, 0, 0, 2, 0, 0, 0, 0, 0]","[0, 0, 0, 0, 0, 0, 0, 1, 0, 0, 3, 0, 0, 0, 0, 0]"
a man rows his boat below .,0.0,0.0,0.0,"[0, 0, 0, 4, 0, 0, 0, 0, 0, 0, 0, 0, 0, 0, 0, 0]","[0, 0, 0, 4, 0, 0, 0, 0, 0, 0, 0, 0, 0, 0, 0, 0]"
a terrier mix catches a frisbee in the air .,46.051701855275745,46.051701855275745,0.588705010171224,"[0, 2, 0, 0, 0, 0, 0, 1, 1, 0, 0, 0, 0, 0, 0, 0]","[0, 2, 0, 0, 1, 0, 0, 0, 0, 0, 0, 0, 0, 0, 1, 0]"
"a man in a white polo shirt speaks into a microphone with a sign behind him that reads , truth !",92.10340371734938,72.37338964661537,0.8325546098849307,"[1, 1, 0, 0, 0, 0, 0, 1, 0, 0, 0, 0, 0, 0, 1, 0]","[0, 0, 0, 0, 0, 0, 3, 0, 0, 0, 0, 0, 0, 0, 0, 0]"
two young people riding skateboards pass by in the street as a black dog on a red leash stops in a doorway and squats down on the sidewalk .,2.772588719867881,46.051701859880914,0.4645014036140257,"[4, 0, 0, 0, 0, 0, 0, 0, 0, 0, 0, 0, 0, 0, 0, 0]","[2, 2, 0, 0, 0, 0, 0, 0, 0, 0, 0, 0, 0, 0, 0, 0]"
crowd waiting on main street subway platform for a train .,46.051701859880914,2.772588719867881,0.4645014036140257,"[2, 0, 0, 0, 0, 0, 0, 0, 0, 0, 0, 0, 0, 2, 0, 0]","[0, 0, 0, 0, 0, 0, 0, 0, 0, 0, 0, 0, 0, 4, 0, 0]"
four women are on stage singing .,22.162804712585114,1.1507282875045386,0.30919668274456596,"[0, 0, 3, 0, 0, 0, 0, 0, 0, 0, 0, 1, 0, 0, 0, 0]","[0, 0, 4, 0, 0, 0, 0, 0, 0, 0, 0, 0, 0, 0, 0, 0]"
two men drink beer at the bar in a restaurant .,0.0,0.0,0.0,"[0, 0, 0, 0, 0, 0, 0, 0, 0, 0, 0, 0, 4, 0, 0, 0]","[0, 0, 0, 0, 0, 0, 0, 0, 0, 0, 0, 0, 4, 0, 0, 0]"
two women in white lab coats examine a dyed area on a cluster of cells using a projector .,0.0,0.0,0.0,"[0, 0, 0, 0, 0, 0, 4, 0, 0, 0, 0, 0, 0, 0, 0, 0]","[0, 0, 0, 0, 0, 0, 4, 0, 0, 0, 0, 0, 0, 0, 0, 0]"
two rows of dance students are practicing ballet moves against a pole in a studio .,1.1507282875045386,22.162804712585114,0.30919668274456596,"[0, 0, 4, 0, 0, 0, 0, 0, 0, 0, 0, 0, 0, 0, 0, 0]","[0, 0, 3, 0, 0, 0, 1, 0, 0, 0, 0, 0, 0, 0, 0, 0]"
white and black dog jumping over red-haired dog in grass .,46.051701859880914,2.772588719867881,0.4645014036140257,"[0, 2, 0, 0, 2, 0, 0, 0, 0, 0, 0, 0, 0, 0, 0, 0]","[0, 0, 0, 0, 4, 0, 0, 0, 0, 0, 0, 0, 0, 0, 0, 0]"
a smiling child wearing a hat and sunglasses sits in a car .,0.0,0.0,0.0,"[1, 0, 0, 0, 0, 0, 0, 0, 0, 0, 0, 0, 0, 3, 0, 0]","[1, 0, 0, 0, 0, 0, 0, 0, 0, 0, 0, 0, 0, 3, 0, 0]"
a woman is using a ruler at a desk to mark a sheet of paper .,22.162804712585114,1.1507282875045386,0.30919668274456596,"[0, 0, 0, 0, 0, 0, 3, 0, 0, 0, 0, 1, 0, 0, 0, 0]","[0, 0, 0, 0, 0, 0, 4, 0, 0, 0, 0, 0, 0, 0, 0, 0]"
two dogs are catching blue frisbees in grass .,1.1507282875045386,22.162804712585114,0.30919668274456596,"[0, 0, 0, 0, 4, 0, 0, 0, 0, 0, 0, 0, 0, 0, 0, 0]","[0, 1, 0, 0, 3, 0, 0, 0, 0, 0, 0, 0, 0, 0, 0, 0]"
a man is singing at a concert .,46.051701859880914,2.772588719867881,0.4645014036140257,"[0, 2, 2, 0, 0, 0, 0, 0, 0, 0, 0, 0, 0, 0, 0, 0]","[0, 0, 4, 0, 0, 0, 0, 0, 0, 0, 0, 0, 0, 0, 0, 0]"
three young women and one young man singing in an auditorium .,22.162804712585114,1.1507282875045386,0.30919668274456596,"[0, 0, 3, 0, 0, 0, 1, 0, 0, 0, 0, 0, 0, 0, 0, 0]","[0, 0, 4, 0, 0, 0, 0, 0, 0, 0, 0, 0, 0, 0, 0, 0]"
a group of men in golden shirts singing in front of a microphone .,22.162804712585114,1.1507282875045386,0.30919668274456596,"[0, 0, 3, 0, 0, 0, 0, 0, 0, 0, 0, 1, 0, 0, 0, 0]","[0, 0, 4, 0, 0, 0, 0, 0, 0, 0, 0, 0, 0, 0, 0, 0]"
"a man wearing jeans , polo shirt and a baseball cap , fork in hand , is grilling meat outside in a fenced yard .",0.0,0.0,0.0,"[0, 1, 0, 0, 0, 0, 0, 0, 3, 0, 0, 0, 0, 0, 0, 0]","[0, 1, 0, 0, 0, 0, 0, 0, 3, 0, 0, 0, 0, 0, 0, 0]"
vendors sell products at a farmers market .,22.162804712585114,1.1507282875045386,0.30919668274456596,"[1, 0, 0, 0, 0, 0, 0, 0, 0, 0, 3, 0, 0, 0, 0, 0]","[0, 0, 0, 0, 0, 0, 0, 0, 0, 0, 4, 0, 0, 0, 0, 0]"
people examine books in a library .,0.0,0.0,0.0,"[0, 0, 0, 0, 0, 0, 4, 0, 0, 0, 0, 0, 0, 0, 0, 0]","[0, 0, 0, 0, 0, 0, 4, 0, 0, 0, 0, 0, 0, 0, 0, 0]"
a woman sits on a shoe store 's bench while putting a shoe onto her right foot .,97.64858115952636,95.39924058332495,0.8325546104626661,"[0, 0, 0, 0, 0, 0, 4, 0, 0, 0, 0, 0, 0, 0, 0, 0]","[0, 0, 1, 0, 0, 0, 0, 0, 0, 0, 0, 3, 0, 0, 0, 0]"
"several people in the mid-ground sit on a bench along the side of a white building , while three people stand in a courtyard in front of the building .",71.68024247289385,48.82429057970824,0.674132306513059,"[3, 0, 0, 0, 0, 0, 0, 1, 0, 0, 0, 0, 0, 0, 0, 0]","[0, 2, 0, 0, 0, 0, 0, 2, 0, 0, 0, 0, 0, 0, 0, 0]"
two girls are in a sack race .,44.66540749876103,2.772588717634611,0.4645014033113394,"[0, 2, 0, 0, 1, 0, 0, 0, 0, 0, 0, 0, 0, 0, 1, 0]","[0, 4, 0, 0, 0, 0, 0, 0, 0, 0, 0, 0, 0, 0, 0, 0]"
an orchestra of about <number> people are practicing on the stage of what appears to be an auditorium full of green chairs .,46.051701859880914,2.772588719867881,0.4645014036140257,"[0, 0, 2, 0, 0, 0, 2, 0, 0, 0, 0, 0, 0, 0, 0, 0]","[0, 0, 4, 0, 0, 0, 0, 0, 0, 0, 0, 0, 0, 0, 0, 0]"
the man in the red shirt and flowery tie is sitting on a bus by the window .,22.162804712585114,1.1507282875045386,0.30919668274456596,"[1, 0, 0, 0, 0, 0, 0, 0, 0, 0, 0, 0, 0, 3, 0, 0]","[0, 0, 0, 0, 0, 0, 0, 0, 0, 0, 0, 0, 0, 4, 0, 0]"
muzzled greyhounds are racing on the track .,0.0,0.0,0.0,"[0, 4, 0, 0, 0, 0, 0, 0, 0, 0, 0, 0, 0, 0, 0, 0]","[0, 4, 0, 0, 0, 0, 0, 0, 0, 0, 0, 0, 0, 0, 0, 0]"
little girl skis on slope .,1.1507282875045386,22.162804712585114,0.30919668274456596,"[0, 0, 0, 0, 0, 0, 0, 0, 0, 4, 0, 0, 0, 0, 0, 0]","[0, 1, 0, 0, 0, 0, 0, 0, 0, 3, 0, 0, 0, 0, 0, 0]"
"two girls , both dressed in pink , swinging on sunlight day with the nearby trees casting random shadows on the remainder of the park like setting .",1.2163953220219081,22.21492071372413,0.315004909824524,"[0, 3, 0, 0, 1, 0, 0, 0, 0, 0, 0, 0, 0, 0, 0, 0]","[0, 2, 0, 0, 1, 0, 0, 0, 0, 0, 0, 0, 0, 0, 1, 0]"
"in a restaurant , a teenager drinks directly out of the metal milkshake serving cup .",0.0,0.0,0.0,"[0, 0, 0, 0, 0, 0, 0, 0, 0, 0, 0, 0, 4, 0, 0, 0]","[0, 0, 0, 0, 0, 0, 0, 0, 0, 0, 0, 0, 4, 0, 0, 0]"
a man is enjoying meal and drink inside a restaurant .,0.0,0.0,0.0,"[0, 0, 0, 0, 0, 0, 0, 0, 0, 0, 0, 0, 4, 0, 0, 0]","[0, 0, 0, 0, 0, 0, 0, 0, 0, 0, 0, 0, 4, 0, 0, 0]"
a man drives a truck while a child sits on his lap and steers .,70.98709529470581,5.545177442067116,0.616762243821858,"[1, 0, 0, 0, 0, 0, 0, 0, 0, 0, 0, 0, 0, 3, 0, 0]","[4, 0, 0, 0, 0, 0, 0, 0, 0, 0, 0, 0, 0, 0, 0, 0]"
an asian man sells a hot confection from his stand in a crowded market .,47.43799621639563,46.051701857509016,0.588705010407898,"[2, 0, 0, 0, 0, 0, 0, 0, 0, 0, 2, 0, 0, 0, 0, 0]","[0, 0, 0, 0, 0, 0, 0, 1, 0, 0, 2, 0, 0, 0, 0, 1]"
a man singing in a very colorful environment .,67.97894049885068,26.321687789037032,0.6418563756389567,"[0, 0, 1, 0, 1, 0, 0, 0, 0, 0, 0, 0, 1, 0, 1, 0]","[0, 1, 3, 0, 0, 0, 0, 0, 0, 0, 0, 0, 0, 0, 0, 0]"
people are rowing a boat in the water .,0.0,0.0,0.0,"[0, 0, 0, 4, 0, 0, 0, 0, 0, 0, 0, 0, 0, 0, 0, 0]","[0, 0, 0, 4, 0, 0, 0, 0, 0, 0, 0, 0, 0, 0, 0, 0]"
a man sleeps while listening to his ipod in the back of a vehicle .,22.162804712585114,1.1507282875045386,0.30919668274456596,"[1, 0, 0, 0, 0, 0, 0, 0, 0, 0, 0, 0, 0, 3, 0, 0]","[0, 0, 0, 0, 0, 0, 0, 0, 0, 0, 0, 0, 0, 4, 0, 0]"
a greyhound races on the dirt .,44.66540749876103,2.772588717634611,0.4645014033113394,"[0, 2, 0, 0, 1, 0, 0, 0, 0, 0, 0, 0, 0, 0, 1, 0]","[0, 4, 0, 0, 0, 0, 0, 0, 0, 0, 0, 0, 0, 0, 0, 0]"
a man and a woman are examining produce at a market .,24.242246251893054,46.62706600248189,0.5220295853606364,"[0, 0, 0, 0, 0, 0, 1, 0, 0, 0, 3, 0, 0, 0, 0, 0]","[0, 0, 0, 0, 0, 0, 0, 2, 0, 0, 2, 0, 0, 0, 0, 0]"
a man in a yellow jacket is skiing in the snow .,1.1507282875045386,22.162804712585114,0.30919668274456596,"[0, 0, 0, 0, 0, 0, 0, 0, 0, 4, 0, 0, 0, 0, 0, 0]","[0, 1, 0, 0, 0, 0, 0, 0, 0, 3, 0, 0, 0, 0, 0, 0]"
a man driving a small golf cart down a street with a crowd watching him on either side of the street .,0.0,0.0,0.0,"[4, 0, 0, 0, 0, 0, 0, 0, 0, 0, 0, 0, 0, 0, 0, 0]","[4, 0, 0, 0, 0, 0, 0, 0, 0, 0, 0, 0, 0, 0, 0, 0]"
group of women doing a presentation off an easel .,22.162804712585114,1.1507282875045386,0.30919668274456596,"[0, 0, 0, 0, 0, 0, 3, 0, 0, 0, 0, 0, 0, 0, 1, 0]","[0, 0, 0, 0, 0, 0, 4, 0, 0, 0, 0, 0, 0, 0, 0, 0]"
two dogs are nose to nose while a third dog stands next to them .,44.9530895712128,3.2958368613991587,0.4885619842435828,"[0, 1, 0, 0, 1, 0, 0, 0, 0, 0, 0, 1, 0, 0, 1, 0]","[0, 1, 0, 0, 0, 0, 0, 0, 0, 0, 0, 0, 0, 0, 3, 0]"
man with gray hair wearing a suit is waiting in a subway tunnel .,44.66540749876103,2.7725887176346107,0.4645014033113393,"[1, 0, 0, 0, 0, 0, 0, 1, 0, 0, 0, 0, 0, 2, 0, 0]","[0, 0, 0, 0, 0, 0, 0, 0, 0, 0, 0, 0, 0, 4, 0, 0]"
two men on motorcycles are driving down an empty street .,0.0,0.0,0.0,"[4, 0, 0, 0, 0, 0, 0, 0, 0, 0, 0, 0, 0, 0, 0, 0]","[4, 0, 0, 0, 0, 0, 0, 0, 0, 0, 0, 0, 0, 0, 0, 0]"
a runner in black is passing an outdoor florist shop .,97.64858115952636,95.39924058332494,0.8325546104626661,"[4, 0, 0, 0, 0, 0, 0, 0, 0, 0, 0, 0, 0, 0, 0, 0]","[0, 0, 0, 0, 0, 0, 0, 3, 0, 0, 1, 0, 0, 0, 0, 0]"
"a crowd waits outside a subway train , ready to board .",46.051701859880914,2.772588719867881,0.4645014036140257,"[2, 0, 0, 0, 0, 0, 0, 0, 0, 0, 0, 0, 0, 2, 0, 0]","[4, 0, 0, 0, 0, 0, 0, 0, 0, 0, 0, 0, 0, 0, 0, 0]"
brown dog catches a pink ball in the park .,0.0,0.0,0.0,"[0, 4, 0, 0, 0, 0, 0, 0, 0, 0, 0, 0, 0, 0, 0, 0]","[0, 4, 0, 0, 0, 0, 0, 0, 0, 0, 0, 0, 0, 0, 0, 0]"
two people on the subway are sleeping in the corner .,0.0,0.0,0.0,"[0, 0, 0, 0, 0, 0, 0, 0, 0, 0, 0, 0, 0, 4, 0, 0]","[0, 0, 0, 0, 0, 0, 0, 0, 0, 0, 0, 0, 0, 4, 0, 0]"
two guys are rowing a canoe on a lake .,1.1507282875045386,22.162804712585114,0.30919668274456596,"[0, 0, 0, 4, 0, 0, 0, 0, 0, 0, 0, 0, 0, 0, 0, 0]","[0, 1, 0, 3, 0, 0, 0, 0, 0, 0, 0, 0, 0, 0, 0, 0]"
"a man driving a small , open vehicle with a green sign on the back of it in traffic .",0.0,0.0,0.0,"[4, 0, 0, 0, 0, 0, 0, 0, 0, 0, 0, 0, 0, 0, 0, 0]","[4, 0, 0, 0, 0, 0, 0, 0, 0, 0, 0, 0, 0, 0, 0, 0]"
three women and a man are drinking beer at a table .,26.32168779353234,71.27477736485501,0.6418563760759084,"[0, 0, 0, 0, 0, 0, 0, 0, 0, 0, 0, 1, 3, 0, 0, 0]","[0, 0, 3, 0, 0, 0, 0, 0, 0, 0, 0, 0, 1, 0, 0, 0]"
a man wearing yellow swimming trunks kneeling by the ocean,0.0,0.0,0.0,"[0, 0, 0, 4, 0, 0, 0, 0, 0, 0, 0, 0, 0, 0, 0, 0]","[0, 0, 0, 4, 0, 0, 0, 0, 0, 0, 0, 0, 0, 0, 0, 0]"
a man with red pants is skiing downhill .,1.1507282875045386,22.162804712585114,0.30919668274456596,"[0, 0, 0, 0, 0, 0, 0, 0, 0, 4, 0, 0, 0, 0, 0, 0]","[0, 1, 0, 0, 0, 0, 0, 0, 0, 3, 0, 0, 0, 0, 0, 0]"
a spotted dog catching a ball on a snowy field .,22.162804712585114,1.1507282875045386,0.30919668274456596,"[0, 0, 0, 0, 3, 0, 0, 0, 0, 1, 0, 0, 0, 0, 0, 0]","[0, 0, 0, 0, 4, 0, 0, 0, 0, 0, 0, 0, 0, 0, 0, 0]"
a chef speaks into a microphone about a mixed salad contained in a bowl with a decorative lid .,23.025850927637872,23.025850927637872,0.4162773048053645,"[0, 0, 0, 0, 0, 0, 0, 0, 0, 0, 0, 1, 3, 0, 0, 0]","[0, 0, 0, 0, 0, 0, 1, 0, 0, 0, 0, 0, 3, 0, 0, 0]"
a woman is laying down on a sofa laughing .,23.025850927637872,23.025850927637872,0.4162773048053645,"[0, 0, 0, 0, 0, 3, 0, 0, 0, 0, 0, 1, 0, 0, 0, 0]","[0, 0, 1, 0, 0, 3, 0, 0, 0, 0, 0, 0, 0, 0, 0, 0]"
three women speak to each other in a room with tan walls .,46.05170185988091,2.7725887198678816,0.46450140361983194,"[0, 0, 0, 0, 0, 1, 2, 0, 0, 0, 0, 1, 0, 0, 0, 0]","[0, 0, 0, 0, 0, 2, 0, 0, 0, 0, 0, 2, 0, 0, 0, 0]"
stage dancers practicing their dance routines .,23.025850927637872,23.025850927637872,0.4162773048053645,"[0, 0, 3, 0, 0, 0, 0, 0, 0, 0, 0, 1, 0, 0, 0, 0]","[0, 0, 3, 0, 0, 0, 1, 0, 0, 0, 0, 0, 0, 0, 0, 0]"
two furry light brown dogs lying on a hardwood floor .,22.162804712585114,1.1507282875045386,0.30919668274456596,"[0, 0, 0, 0, 0, 3, 0, 0, 0, 0, 0, 1, 0, 0, 0, 0]","[0, 0, 0, 0, 0, 4, 0, 0, 0, 0, 0, 0, 0, 0, 0, 0]"
a dog wearing a t-shirt is lying down .,44.66540749876103,2.7725887176346107,0.4645014033113393,"[0, 0, 0, 0, 0, 2, 0, 0, 0, 0, 0, 1, 0, 1, 0, 0]","[0, 0, 0, 0, 0, 4, 0, 0, 0, 0, 0, 0, 0, 0, 0, 0]"
a man is giving a presentation in front of three people .,22.162804712585114,1.1507282875045386,0.30919668274456596,"[0, 0, 0, 0, 0, 0, 3, 0, 0, 0, 0, 1, 0, 0, 0, 0]","[0, 0, 0, 0, 0, 0, 4, 0, 0, 0, 0, 0, 0, 0, 0, 0]"
all these people are enjoying a basement dance party .,69.07755278982137,5.5451774398050775,0.61676224359247,"[0, 0, 1, 0, 0, 1, 0, 0, 0, 0, 0, 0, 2, 0, 0, 0]","[0, 0, 4, 0, 0, 0, 0, 0, 0, 0, 0, 0, 0, 0, 0, 0]"
a young boy wearing a dark blue hat sleeps on a bench at a terminal .,0.0,0.0,0.0,"[0, 0, 0, 0, 0, 0, 0, 0, 0, 0, 0, 0, 0, 4, 0, 0]","[0, 0, 0, 0, 0, 0, 0, 0, 0, 0, 0, 0, 0, 4, 0, 0]"
an old woman is selling produce at a farmer 's market .,22.162804712585114,1.1507282875045386,0.30919668274456596,"[1, 0, 0, 0, 0, 0, 0, 0, 0, 0, 3, 0, 0, 0, 0, 0]","[0, 0, 0, 0, 0, 0, 0, 0, 0, 0, 4, 0, 0, 0, 0, 0]"
"a ruddy infant lies on a patterned sheet with his eyes closed , his mouth open , and his arm extended .",22.162804712585114,1.1507282875045386,0.30919668274456596,"[0, 0, 0, 0, 0, 3, 0, 0, 0, 0, 0, 1, 0, 0, 0, 0]","[0, 0, 0, 0, 0, 4, 0, 0, 0, 0, 0, 0, 0, 0, 0, 0]"
a man in a white shirt uses a blackboard as others sit at a table watching .,22.162804712585114,1.1507282875045386,0.30919668274456596,"[0, 0, 0, 0, 0, 0, 3, 0, 0, 0, 0, 1, 0, 0, 0, 0]","[0, 0, 0, 0, 0, 0, 4, 0, 0, 0, 0, 0, 0, 0, 0, 0]"
a man rowing in the front of a canoe in a large body of water .,0.0,0.0,0.0,"[0, 0, 0, 4, 0, 0, 0, 0, 0, 0, 0, 0, 0, 0, 0, 0]","[0, 0, 0, 4, 0, 0, 0, 0, 0, 0, 0, 0, 0, 0, 0, 0]"
a korean woman is enjoying a meal in a restaurant .,0.0,0.0,0.0,"[0, 0, 0, 0, 0, 0, 0, 0, 0, 0, 0, 0, 4, 0, 0, 0]","[0, 0, 0, 0, 0, 0, 0, 0, 0, 0, 0, 0, 4, 0, 0, 0]"
a man grilling meat on an outdoor grilling pit .,46.051701857509016,47.43799621639563,0.588705010407898,"[0, 0, 1, 0, 0, 0, 0, 1, 2, 0, 0, 0, 0, 0, 0, 0]","[0, 2, 0, 0, 0, 0, 0, 0, 2, 0, 0, 0, 0, 0, 0, 0]"
two girls and three boys are presenting in front of a dry erase board .,0.0,0.0,0.0,"[0, 0, 0, 0, 0, 0, 4, 0, 0, 0, 0, 0, 0, 0, 0, 0]","[0, 0, 0, 0, 0, 0, 4, 0, 0, 0, 0, 0, 0, 0, 0, 0]"
asian students are examining sheets of paper while standing in line .,1.1507282875045386,22.162804712585114,0.30919668274456596,"[0, 0, 0, 0, 0, 0, 4, 0, 0, 0, 0, 0, 0, 0, 0, 0]","[0, 0, 0, 0, 0, 0, 3, 0, 0, 0, 1, 0, 0, 0, 0, 0]"
a man in a dark shirt is making a presentation in front of a group .,22.162804712585114,1.1507282875045386,0.30919668274456596,"[0, 0, 0, 0, 0, 0, 3, 0, 0, 0, 0, 1, 0, 0, 0, 0]","[0, 0, 0, 0, 0, 0, 4, 0, 0, 0, 0, 0, 0, 0, 0, 0]"
four people in black shirts giving a presentation to a room full of people using a big projector image on the wall .,22.162804712585114,1.1507282875045386,0.30919668274456596,"[0, 0, 0, 0, 0, 0, 3, 0, 0, 0, 0, 1, 0, 0, 0, 0]","[0, 0, 0, 0, 0, 0, 4, 0, 0, 0, 0, 0, 0, 0, 0, 0]"
two women in black enjoying a lunch in a restaurant .,0.0,0.0,0.0,"[0, 0, 0, 0, 0, 0, 0, 0, 0, 0, 0, 0, 4, 0, 0, 0]","[0, 0, 0, 0, 0, 0, 0, 0, 0, 0, 0, 0, 4, 0, 0, 0]"
a boy and girl child swing together on a swing set .,0.0,0.0,0.0,"[0, 4, 0, 0, 0, 0, 0, 0, 0, 0, 0, 0, 0, 0, 0, 0]","[0, 4, 0, 0, 0, 0, 0, 0, 0, 0, 0, 0, 0, 0, 0, 0]"
an older man and women are using computers in a sort of storage room .,0.0,0.0,0.0,"[0, 0, 0, 0, 0, 0, 3, 0, 0, 0, 0, 1, 0, 0, 0, 0]","[0, 0, 0, 0, 0, 0, 3, 0, 0, 0, 0, 1, 0, 0, 0, 0]"
three girls or friends having drinks at a bar laughing .,2.772588719867881,46.051701859880914,0.4645014036140257,"[0, 0, 0, 0, 0, 0, 0, 0, 0, 0, 0, 0, 4, 0, 0, 0]","[0, 0, 2, 0, 0, 0, 0, 0, 0, 0, 0, 0, 2, 0, 0, 0]"
a well dressed young woman waits on a bench for the train while a man busy writing something waits nearby .,0.5232481437645479,0.5753641449035618,0.18390779090829046,"[3, 0, 0, 0, 0, 0, 0, 0, 0, 0, 0, 0, 0, 1, 0, 0]","[2, 0, 0, 0, 0, 0, 0, 0, 0, 0, 0, 0, 0, 2, 0, 0]"
buff african american man waits for subway at wall street station .,22.162804712585114,1.1507282875045386,0.30919668274456596,"[1, 0, 0, 0, 0, 0, 0, 0, 0, 0, 0, 0, 0, 3, 0, 0]","[0, 0, 0, 0, 0, 0, 0, 0, 0, 0, 0, 0, 0, 4, 0, 0]"
a man in a suit and tie in a fancy building is speaking at the podium .,22.162804712585114,1.1507282875045386,0.30919668274456596,"[0, 0, 0, 0, 0, 0, 3, 0, 0, 0, 0, 1, 0, 0, 0, 0]","[0, 0, 0, 0, 0, 0, 4, 0, 0, 0, 0, 0, 0, 0, 0, 0]"
"people swing on a red , metal amusement park ride in front of some trees .",0.0,0.0,0.0,"[0, 4, 0, 0, 0, 0, 0, 0, 0, 0, 0, 0, 0, 0, 0, 0]","[0, 4, 0, 0, 0, 0, 0, 0, 0, 0, 0, 0, 0, 0, 0, 0]"
a man is using his computer while seated at a desk .,22.162804712585114,1.1507282875045386,0.30919668274456596,"[0, 0, 0, 0, 0, 0, 3, 0, 0, 0, 0, 1, 0, 0, 0, 0]","[0, 0, 0, 0, 0, 0, 4, 0, 0, 0, 0, 0, 0, 0, 0, 0]"
a man and woman enjoying dinner at a party .,93.48969807844051,97.64858115726432,0.8325546102957545,"[0, 0, 0, 0, 0, 1, 0, 0, 0, 0, 0, 1, 2, 0, 0, 0]","[0, 0, 4, 0, 0, 0, 0, 0, 0, 0, 0, 0, 0, 0, 0, 0]"
a group of people lie close together on a hardwood floor .,5.5451774398050775,69.07755278982137,0.61676224359247,"[0, 0, 0, 0, 0, 4, 0, 0, 0, 0, 0, 0, 0, 0, 0, 0]","[0, 0, 1, 0, 0, 1, 0, 0, 0, 0, 0, 2, 0, 0, 0, 0]"
"an impoverished person , wearing a torn brown shirt and no shoes , is kneeling down along the banks of a trash infested body of water .",0.0,0.0,0.0,"[0, 0, 0, 4, 0, 0, 0, 0, 0, 0, 0, 0, 0, 0, 0, 0]","[0, 0, 0, 4, 0, 0, 0, 0, 0, 0, 0, 0, 0, 0, 0, 0]"
a woman with a peace symbol on her shirt grills vegetables,45.240771641362,24.242246249659782,0.5220295850923977,"[0, 0, 0, 0, 0, 1, 0, 1, 2, 0, 0, 0, 0, 0, 0, 0]","[0, 1, 0, 0, 0, 0, 0, 0, 3, 0, 0, 0, 0, 0, 0, 0]"
a man grilling three pieces of salmon outside .,23.025850927637872,23.025850927637872,0.4162773048053645,"[0, 0, 0, 0, 0, 0, 0, 1, 3, 0, 0, 0, 0, 0, 0, 0]","[0, 1, 0, 0, 0, 0, 0, 0, 3, 0, 0, 0, 0, 0, 0, 0]"
